student_id,full_name,gender,department,10th_marks,10th_board,12th_marks,12th_board,cgpa,backlogs_history,active_backlogs,year_of_study
S0001,Sachin Pandey,M,AIML,65.9,Matriculation,68.1,CBSE,6.77,4,0,3
S0002,Quinn Tiwari,Non-binary,CSE,82.9,ICSE,87.8,HSC,8.82,1,0,4
S0003,Sunita Chauhan,F,AIDS,80.1,CBSE,67.6,State,7.7,0,0,3
S0004,Yash Rao,M,CSE,85.0,Matriculation,80.1,CBSE,8.73,0,0,4
S0005,Ishita Pillai,F,EEE,41.1,Matriculation,47.1,ICSE,5.13,5,2,4
S0006,Swathi More,F,AIML,76.6,CBSE,94.0,CBSE,9.78,0,0,4
S0007,Sachin Jadhav,M,CIVIL,58.1,Matriculation,54.4,ICSE,6.4,3,2,3
S0008,Varun Mishra,M,AIML,60.2,Matriculation,51.8,CBSE,6.15,0,0,2
S0009,Aditya Jadhav,M,CSE,53.4,Matriculation,57.5,HSC,6.27,1,0,4
S0010,Harsh Tiwari,M,AIDS,94.1,CBSE,96.4,CBSE,9.38,0,0,2
S0011,Ravi Thakur,M,MECH,81.4,CBSE,71.3,HSC,8.05,0,0,2
S0012,Mohit Patil,M,CIVIL,80.2,CBSE,79.9,HSC,8.26,1,1,4
S0013,Arnav Saxena,M,EEE,73.8,CBSE,64.9,State,7.18,0,0,3
S0014,Reyansh Nair,M,ECE,93.4,CBSE,86.0,State,9.82,0,0,3
S0015,Kiara Agarwal,F,AIML,65.5,Matriculation,69.6,ICSE,7.61,0,0,3
S0016,Swathi Gupta,F,MBA,66.1,ICSE,72.6,CBSE,7.21,1,0,4
S0017,Pallavi Singh,F,AIDS,90.1,State,88.1,ICSE,9.43,0,0,4
S0018,Bhavana Sen,F,CIVIL,93.5,CBSE,91.7,CBSE,8.36,0,0,4
S0019,Suresh Bhat,M,CSE,58.1,State,66.6,ICSE,6.25,1,0,4
S0020,Rashmi Chauhan,F,IT,71.3,Matriculation,78.4,CBSE,8.12,0,0,4
S0021,Myra Mukherjee,F,CSE,75.3,CBSE,85.7,HSC,8.43,0,0,4
S0022,Pradeep Iyer,M,IT,57.5,CBSE,72.4,State,7.18,2,1,4
S0023,Nisha Ghosh,F,IT,73.8,CBSE,79.2,State,7.12,2,1,3
S0024,Deepika Jain,F,EEE,53.5,State,78.3,State,7.45,0,0,4
S0025,Bhavana Bansal,F,IT,48.5,Matriculation,51.8,CBSE,5.44,3,1,4
S0026,Anvi Jadhav,F,EEE,56.0,State,55.7,CBSE,6.1,0,0,3
S0027,Karthik Joshi,M,IT,77.5,State,86.4,ICSE,8.62,0,0,4
S0028,Aman Pandey,M,CSE,81.5,Matriculation,67.7,ICSE,7.46,1,1,4
S0029,Mohit Jain,M,CSE,65.8,CBSE,57.9,CBSE,5.88,4,1,4
S0030,Varun Mukherjee,M,AIML,99.5,State,99.5,CBSE,9.85,0,0,3
S0031,Ankit Bhat,M,CSE,80.5,CBSE,91.8,ICSE,8.4,0,0,3
S0032,Pradeep Joshi,M,AIDS,74.0,ICSE,53.5,HSC,7.53,0,0,4
S0033,Ishaan Rao,M,CSE,75.6,CBSE,79.1,CBSE,8.19,0,0,4
S0034,Karthik Patil,M,ECE,90.9,CBSE,99.5,CBSE,9.94,1,1,2
S0035,Deepak Roy,M,AIML,48.5,ICSE,46.5,State,6.01,1,1,4
S0036,Rohit Kumar,M,ECE,82.0,CBSE,72.1,CBSE,7.83,0,0,4
S0037,Diya Thakur,F,CSE,80.8,State,93.8,CBSE,9.09,1,1,4
S0038,Aditya Hegde,M,IT,61.6,ICSE,68.0,CBSE,6.92,0,0,4
S0039,Rahul More,M,AIML,70.9,State,64.3,State,6.05,1,0,2
S0040,Sachin Yadav,M,ECE,85.7,Matriculation,74.1,ICSE,7.08,1,0,2
S0041,Aadhya Joshi,F,CSE,63.9,ICSE,53.4,HSC,6.18,1,1,4
S0042,Sneha Verma,F,EEE,77.8,State,76.4,CBSE,8.08,0,0,4
S0043,Myra Bose,F,MECH,86.9,State,79.6,CBSE,7.91,0,0,4
S0044,Myra Mukherjee,F,AIDS,77.7,Matriculation,92.7,CBSE,8.3,1,1,2
S0045,Rahul Yadav,M,CSE,90.8,CBSE,83.3,ICSE,9.67,0,0,4
S0046,Mohit Agarwal,M,ECE,68.4,State,80.2,State,7.41,1,0,4
S0047,Shalini Bose,F,ECE,91.4,State,85.6,State,8.42,0,0,3
S0048,Diya Deshmukh,F,ECE,64.4,ICSE,57.8,HSC,7.71,2,0,4
S0049,Tanvi Mehta,F,AIML,67.3,CBSE,85.1,ICSE,7.55,0,0,4
S0050,Aadhya Shah,F,AIDS,57.9,ICSE,58.6,State,6.17,0,0,4
S0051,Manisha Dubey,F,CSE,55.2,CBSE,49.2,State,4.89,3,1,3
S0052,Akash Kumar,M,EEE,77.5,Matriculation,86.6,CBSE,7.5,0,0,2
S0053,Aadhya Chatterjee,F,CSE,92.2,CBSE,78.9,State,8.42,1,0,4
S0054,Jyoti Hegde,F,AIDS,47.2,CBSE,50.1,ICSE,4.63,4,2,4
S0055,Divya Deshmukh,F,AIDS,71.8,CBSE,85.0,CBSE,8.17,0,0,4
S0056,Ishaan Bhat,M,AIDS,72.2,ICSE,65.0,State,7.75,2,0,3
S0057,Sneha Chauhan,F,MECH,92.4,State,99.5,ICSE,9.31,0,0,4
S0058,Rekha Bansal,F,CSE,93.0,Matriculation,99.5,CBSE,8.83,0,0,4
S0059,Kritika Bhat,F,ECE,97.8,ICSE,82.0,ICSE,9.2,0,0,3
S0060,Aishwarya Reddy,F,AIDS,69.6,State,72.0,ICSE,6.69,0,0,4
S0061,Ajay Sharma,M,ECE,60.4,Matriculation,62.4,CBSE,6.62,3,0,4
S0062,Namita Sen,F,CSE,66.5,CBSE,67.7,HSC,7.01,0,0,4
S0063,Ankit Pillai,M,AIDS,64.2,ICSE,59.0,HSC,6.84,0,0,4
S0064,Riley Das,Non-binary,CSE,79.5,Matriculation,67.4,CBSE,7.03,0,0,4
S0065,Swathi Deshmukh,F,MBA,68.1,State,71.5,State,6.39,0,0,3
S0066,Kabir Mishra,M,IT,99.5,ICSE,99.5,State,9.81,0,0,3
S0067,Reyansh Jain,M,ECE,86.6,State,80.7,ICSE,8.27,0,0,4
S0068,Avery Hegde,Non-binary,CIVIL,82.8,Matriculation,91.9,State,7.53,0,0,3
S0069,Kabir Mishra,M,BCA,37.8,ICSE,45.9,ICSE,4.1,3,1,3
S0070,Dev Hegde,M,AIDS,73.4,ICSE,76.0,ICSE,8.68,0,0,2
S0071,Vikram Reddy,M,IT,72.4,State,75.5,HSC,6.76,2,2,4
S0072,Rohit Deshmukh,M,CIVIL,97.1,State,99.5,State,8.88,0,0,4
S0073,Vivek Ghosh,M,MECH,70.6,CBSE,73.3,State,7.07,0,0,3
S0074,Ishaan Rao,M,AIDS,91.3,Matriculation,88.0,State,7.7,1,1,3
S0075,Reyansh Mehta,M,IT,91.8,ICSE,95.8,ICSE,8.66,0,0,4
S0076,Varun Gupta,M,CIVIL,78.2,CBSE,82.7,State,8.47,0,0,3
S0077,Suresh Sharma,M,MECH,72.4,ICSE,72.6,State,6.63,1,0,4
S0078,Ishaan Pandey,M,ECE,65.6,ICSE,70.9,State,6.05,2,0,3
S0079,Sachin Mishra,M,AIML,78.3,State,70.0,HSC,7.72,2,0,3
S0080,Aditya Jain,M,CSE,58.8,ICSE,59.5,HSC,6.0,1,1,4
S0081,Swathi Shah,F,EEE,73.4,Matriculation,80.9,ICSE,8.0,0,0,4
S0082,Rahul Thakur,M,AIML,99.5,CBSE,88.6,State,7.89,0,0,3
S0083,Pradeep Thakur,M,AIML,91.6,State,73.3,CBSE,8.46,2,1,4
S0084,Varun More,M,EEE,91.2,State,93.9,State,9.16,1,1,4
S0085,Deepika Nair,F,AIML,68.4,Matriculation,74.4,State,6.95,1,0,2
S0086,Ishaan Shah,M,ECE,75.6,State,73.2,State,8.08,0,0,4
S0087,Ishaan Das,M,IT,63.1,State,59.4,State,6.33,3,1,2
S0088,Aman Pandey,M,MECH,59.5,Matriculation,66.8,CBSE,6.78,0,0,3
S0089,Avery Pandey,Non-binary,CSE,61.8,CBSE,70.3,CBSE,7.6,0,0,3
S0090,Pranav Patil,M,AIML,71.4,ICSE,67.0,ICSE,6.69,1,1,4
S0091,Karthik Shah,M,AIML,74.6,CBSE,78.1,ICSE,6.88,2,2,4
S0092,Rahul Jain,M,CSE,67.3,State,73.1,ICSE,6.76,3,2,4
S0093,Nikhil Chatterjee,M,MBA,78.3,Matriculation,72.1,CBSE,8.31,2,1,4
S0094,Pooja Nair,F,CSE,97.5,Matriculation,99.5,CBSE,9.3,0,0,4
S0095,Rohan Iyer,M,CSE,80.2,CBSE,81.9,HSC,7.63,0,0,4
S0096,Ravi Bansal,M,AIML,81.0,ICSE,76.1,State,7.56,0,0,4
S0097,Siddharth Saxena,M,AIDS,86.0,ICSE,83.6,State,8.42,0,0,4
S0098,Vihaan Patel,M,IT,86.7,CBSE,95.0,ICSE,8.73,0,0,2
S0099,Swathi Rao,F,AIDS,44.3,ICSE,58.4,State,6.23,0,0,3
S0100,Dev Mishra,M,IT,62.8,State,61.0,CBSE,6.05,0,0,3
S0101,Nikhil Thakur,M,CSE,75.3,ICSE,69.0,ICSE,6.5,3,1,3
S0102,Morgan Rao,Non-binary,CSE,74.7,State,69.1,ICSE,8.01,0,0,3
S0103,Shalini Pillai,F,MBA,87.2,Matriculation,81.0,HSC,8.66,0,0,3
S0104,Manoj Yadav,M,MECH,59.4,CBSE,67.2,State,6.06,1,0,4
S0105,Shruti Chauhan,F,CSE,71.3,ICSE,58.0,State,6.01,1,0,4
S0106,Pari Hegde,F,ECE,78.9,ICSE,83.7,HSC,7.87,1,1,4
S0107,Riya Patil,F,IT,57.4,CBSE,65.4,CBSE,6.22,1,0,4
S0108,Ankit Sen,M,CSE,96.8,Matriculation,98.4,State,9.99,0,0,3
S0109,Arjun Joshi,M,IT,69.6,ICSE,70.5,HSC,6.55,4,2,4
S0110,Namita Mukherjee,F,MBA,51.4,ICSE,69.1,State,6.23,2,2,4
S0111,Jordan Mishra,Non-binary,CSE,91.1,State,82.0,CBSE,8.41,1,1,3
S0112,Sakshi Sen,F,EEE,93.7,Matriculation,99.5,CBSE,8.5,0,0,3
S0113,Riya Mukherjee,F,AIML,65.3,ICSE,70.1,HSC,6.69,0,0,3
S0114,Pradeep Pandey,M,ECE,67.2,State,65.4,State,7.37,1,1,2
S0115,Kavya Ghosh,F,CSE,91.6,ICSE,87.1,State,7.56,0,0,2
S0116,Aman Mishra,M,MECH,70.9,Matriculation,68.8,ICSE,7.31,0,0,4
S0117,Aadhya Verma,F,MECH,58.9,ICSE,63.5,ICSE,6.89,1,0,4
S0118,Anjali Patil,F,MECH,83.2,Matriculation,87.8,HSC,8.3,0,0,4
S0119,Ravi Mehta,M,AIDS,84.6,CBSE,90.9,ICSE,8.33,0,0,3
S0120,Kabir Bose,M,EEE,69.1,ICSE,64.2,ICSE,6.89,1,0,4
S0121,Pradeep Mukherjee,M,AIDS,83.3,State,91.1,State,9.85,1,1,4
S0122,Pallavi Tiwari,F,BCA,77.5,Matriculation,74.8,CBSE,8.49,0,0,4
S0123,Rashmi Verma,F,CSE,85.4,CBSE,73.5,ICSE,8.9,0,0,4
S0124,Bhavana Jadhav,F,MECH,99.5,State,99.5,ICSE,9.93,0,0,3
S0125,Akash Thakur,M,IT,65.3,Matriculation,78.7,State,6.15,0,0,2
S0126,Pallavi Kumar,F,CIVIL,73.0,State,71.1,State,7.4,0,0,2
S0127,Varun Dubey,M,MECH,94.2,Matriculation,81.8,HSC,8.38,0,0,4
S0128,Dhruv Thakur,M,CSE,55.7,Matriculation,61.7,State,6.41,1,1,4
S0129,Ramesh Hegde,M,IT,87.6,CBSE,81.3,State,8.22,0,0,2
S0130,Dhruv Das,M,IT,93.5,CBSE,87.4,State,9.58,0,0,3
S0131,Rohit Jain,M,CSE,38.5,ICSE,40.1,ICSE,5.2,2,0,2
S0132,Ishaan Bansal,M,AIML,74.4,CBSE,83.9,CBSE,8.46,0,0,3
S0133,Ishita Chauhan,F,AIML,94.2,State,99.5,State,8.82,1,1,3
S0134,Rohit Deshmukh,M,IT,61.0,CBSE,71.9,State,7.22,0,0,4
S0135,Saanvi Iyer,F,CSE,82.6,State,82.4,State,7.52,0,0,2
S0136,Pooja Verma,F,MECH,94.6,Matriculation,82.9,ICSE,8.58,0,0,3
S0137,Sunita Saxena,F,AIML,54.0,State,45.6,ICSE,6.21,1,0,4
S0138,Sachin Nair,M,CSE,58.6,ICSE,69.2,HSC,7.54,0,0,3
S0139,Mohit Bansal,M,CIVIL,75.3,CBSE,95.0,CBSE,9.63,0,0,4
S0140,Deepak Ghosh,M,ECE,98.0,State,96.5,ICSE,8.54,0,0,4
S0141,Aarav Singh,M,AIML,82.2,CBSE,71.9,CBSE,8.52,0,0,4
S0142,Yash Iyer,M,MECH,73.1,Matriculation,74.2,CBSE,7.74,0,0,4
S0143,Arnav Rao,M,CIVIL,62.9,ICSE,73.7,CBSE,5.98,4,2,4
S0144,Pavan Sen,M,CSE,78.4,ICSE,68.6,HSC,7.71,0,0,4
S0145,Tanvi Bhat,F,AIML,78.2,Matriculation,86.8,ICSE,8.07,1,1,4
S0146,Ravi Thakur,M,AIML,98.9,ICSE,98.7,CBSE,8.81,1,0,3
S0147,Ananya Tiwari,F,AIDS,85.3,Matriculation,84.7,ICSE,8.14,0,0,3
S0148,Meera Jadhav,F,ECE,78.0,ICSE,71.8,State,7.68,0,0,3
S0149,Arnav More,M,ECE,71.9,CBSE,70.4,HSC,8.14,3,2,4
S0150,Nisha Pandey,F,ECE,57.1,State,59.7,State,6.66,3,1,4
S0151,Rohit Jadhav,M,AIML,92.9,ICSE,98.4,ICSE,8.89,0,0,4
S0152,Sage Rao,Non-binary,MECH,61.0,Matriculation,58.8,HSC,6.08,1,1,4
S0153,Rashmi More,F,AIDS,57.7,CBSE,67.4,HSC,6.04,2,1,3
S0154,Siddharth Kulkarni,M,EEE,87.5,CBSE,91.6,ICSE,9.58,1,1,4
S0155,Myra Pillai,F,MECH,77.2,Matriculation,70.1,HSC,8.36,0,0,4
S0156,Aman Dubey,M,AIML,62.4,ICSE,68.5,HSC,6.57,1,1,2
S0157,Manoj Kumar,M,EEE,80.6,CBSE,92.6,ICSE,7.96,0,0,3
S0158,Pallavi Deshmukh,F,MECH,96.1,ICSE,99.5,HSC,9.44,0,0,4
S0159,Dhruv Singh,M,IT,64.6,State,68.9,ICSE,4.54,3,0,4
S0160,Rashmi Bansal,F,ECE,72.0,State,65.4,State,7.34,0,0,4
S0161,Aditya Mehta,M,IT,56.1,ICSE,53.1,ICSE,5.06,5,0,3
S0162,Lakshya Saxena,M,ECE,88.0,Matriculation,83.2,ICSE,8.48,0,0,4
S0163,Ankit Chatterjee,M,ECE,81.8,Matriculation,63.6,HSC,7.71,1,0,4
S0164,Pavan Jain,M,CSE,94.9,State,91.0,HSC,8.5,0,0,4
S0165,Jyoti Bose,F,AIML,61.4,CBSE,62.6,HSC,6.73,0,0,4
S0166,Aanya Nair,F,EEE,87.5,ICSE,82.6,HSC,8.07,0,0,4
S0167,Jyoti Sen,F,IT,75.3,ICSE,69.7,HSC,6.49,0,0,4
S0168,Aditya Pillai,M,AIDS,68.2,Matriculation,72.7,ICSE,7.68,0,0,4
S0169,Tarun Jadhav,M,AIDS,72.9,ICSE,75.9,State,7.8,1,1,4
S0170,Myra Mehta,F,ECE,66.5,State,69.8,ICSE,6.98,2,0,4
S0171,Aanya Deshmukh,F,CSE,80.6,ICSE,90.1,State,8.55,0,0,3
S0172,Ravi Rao,M,CIVIL,50.0,Matriculation,70.1,HSC,6.36,1,0,3
S0173,Arnav Joshi,M,AIML,72.7,Matriculation,87.9,CBSE,7.06,1,0,2
S0174,Neha Deshmukh,F,MECH,77.3,State,85.3,CBSE,8.24,0,0,3
S0175,Rahul Bansal,M,ECE,86.9,ICSE,90.0,ICSE,9.77,0,0,2
S0176,Gaurav Mukherjee,M,CSE,78.9,ICSE,86.3,State,8.83,0,0,2
S0177,Vivek Bhat,M,CIVIL,83.6,CBSE,74.5,HSC,8.47,0,0,3
S0178,Rohit Dubey,M,ECE,97.4,Matriculation,94.3,State,9.23,0,0,4
S0179,Karthik Tiwari,M,AIDS,99.5,Matriculation,99.5,HSC,9.96,0,0,4
S0180,Bhavana Sharma,F,IT,76.7,ICSE,67.0,ICSE,7.65,0,0,2
S0181,Aditya Iyer,M,CSE,97.0,Matriculation,97.8,HSC,9.14,0,0,3
S0182,Ravi Verma,M,AIDS,77.4,Matriculation,65.9,State,6.02,1,1,4
S0183,Harsh Bhat,M,MECH,66.3,Matriculation,69.0,ICSE,6.65,3,0,4
S0184,Pradeep Bansal,M,AIDS,59.4,CBSE,71.5,CBSE,6.35,3,2,4
S0185,Shalini More,F,AIML,87.4,ICSE,93.2,State,8.85,0,0,4
S0186,Lakshya Kumar,M,ECE,72.2,ICSE,63.7,CBSE,7.2,0,0,4
S0187,Priya Dubey,F,BCA,56.0,CBSE,58.8,ICSE,5.49,1,1,4
S0188,Jyoti Gupta,F,BCA,85.7,CBSE,99.5,State,9.25,1,0,4
S0189,Dhruv Patil,M,MBA,54.8,CBSE,45.4,CBSE,4.51,1,1,4
S0190,Ramesh Rao,M,MBA,84.2,State,79.5,State,8.23,1,1,4
S0191,Tarun Bose,M,AIDS,99.5,CBSE,88.8,ICSE,8.82,0,0,2
S0192,Rashmi Pandey,F,AIML,90.8,CBSE,99.5,ICSE,9.69,0,0,4
S0193,Arin Tiwari,Non-binary,BCA,87.4,ICSE,92.5,CBSE,8.09,0,0,4
S0194,Reyansh Joshi,M,AIML,95.7,ICSE,86.5,ICSE,9.62,0,0,2
S0195,Rahul Tiwari,M,CSE,93.3,Matriculation,90.0,State,8.46,0,0,3
S0196,Ananya Das,F,AIDS,56.9,ICSE,60.6,ICSE,6.73,2,2,4
S0197,Naveen Reddy,M,MECH,86.0,ICSE,84.5,ICSE,7.7,0,0,3
S0198,Riya Yadav,F,AIML,59.6,State,63.5,ICSE,6.64,0,0,3
S0199,Deepika Chauhan,F,CIVIL,81.6,CBSE,99.5,State,8.93,0,0,3
S0200,Lakshya Sharma,M,AIDS,95.1,CBSE,95.2,ICSE,9.34,0,0,4
S0201,Arjun Mishra,M,AIML,65.4,CBSE,59.9,CBSE,5.91,5,1,4
S0202,Jordan Bhat,Non-binary,CSE,99.5,State,99.5,HSC,9.77,0,0,4
S0203,Rowan Hegde,Non-binary,CSE,94.9,CBSE,95.1,HSC,9.92,0,0,4
S0204,Rahul Tiwari,M,IT,79.7,State,73.4,HSC,7.52,0,0,4
S0205,Shalini Menon,F,CSE,69.3,CBSE,60.3,HSC,6.43,4,0,2
S0206,Karthik Patel,M,CSE,94.7,ICSE,99.5,ICSE,9.86,0,0,2
S0207,Manoj Sen,M,CSE,82.7,ICSE,82.7,HSC,7.43,0,0,4
S0208,Arnav Jain,M,ECE,68.4,ICSE,79.3,ICSE,7.58,0,0,4
S0209,Rohan Mukherjee,M,ECE,75.2,Matriculation,80.1,CBSE,7.99,1,1,4
S0210,Tarun Bhat,M,AIDS,66.5,Matriculation,67.2,CBSE,6.11,1,0,4
S0211,Vikram Patel,M,ECE,94.1,CBSE,96.2,ICSE,8.66,0,0,3
S0212,Tanvi Agarwal,F,CIVIL,40.7,State,36.5,State,4.08,2,0,4
S0213,Deepak Tiwari,M,CSE,76.6,ICSE,82.0,HSC,6.41,2,0,2
S0214,Siddharth Reddy,M,AIML,72.4,State,79.1,ICSE,6.82,1,0,4
S0215,Gaurav Chauhan,M,CSE,71.8,Matriculation,68.2,State,7.21,0,0,3
S0216,Siya Thakur,F,AIDS,72.9,ICSE,71.5,HSC,8.24,3,0,2
S0217,Nikhil Agarwal,M,ECE,91.9,CBSE,84.5,CBSE,7.59,0,0,4
S0218,Jyoti Saxena,F,IT,92.2,Matriculation,79.5,CBSE,7.39,0,0,4
S0219,Pallavi Sen,F,CSE,65.7,Matriculation,78.4,HSC,7.7,0,0,4
S0220,Sakshi Singh,F,CIVIL,69.2,Matriculation,64.1,CBSE,7.0,0,0,2
S0221,Naveen Chauhan,M,CIVIL,68.4,State,78.1,State,6.51,0,0,3
S0222,Saanvi Rao,F,MECH,86.6,ICSE,84.0,CBSE,9.0,1,1,4
S0223,Meera Bose,F,BCA,55.5,ICSE,61.0,HSC,6.78,1,1,3
S0224,Varun Mukherjee,M,CSE,95.5,State,95.1,HSC,8.25,1,1,4
S0225,Sachin Mishra,M,CSE,58.2,State,58.6,ICSE,6.09,1,1,3
S0226,Yash Rao,M,EEE,38.5,ICSE,42.5,HSC,4.42,1,1,2
S0227,Swathi Thakur,F,CSE,94.1,State,94.5,State,9.27,0,0,4
S0228,Swathi Gupta,F,CSE,70.5,ICSE,59.1,ICSE,6.1,3,2,4
S0229,Ramesh Bose,M,AIML,99.5,Matriculation,92.6,CBSE,9.51,0,0,3
S0230,Siya Rao,F,AIML,92.6,CBSE,86.3,HSC,8.21,3,1,3
S0231,Priya Mukherjee,F,MECH,72.5,ICSE,85.3,State,7.57,1,1,3
S0232,Pranav Joshi,M,AIDS,92.8,CBSE,88.2,CBSE,8.84,0,0,2
S0233,Arjun Gupta,M,MECH,90.1,State,84.9,HSC,8.57,1,1,3
S0234,Lakshmi More,F,CSE,88.6,ICSE,79.7,HSC,9.84,0,0,3
S0235,Kavya Menon,F,IT,77.5,Matriculation,80.1,CBSE,8.34,0,0,4
S0236,Arin Kulkarni,Non-binary,AIML,60.8,Matriculation,61.0,CBSE,6.12,0,0,4
S0237,Swathi Menon,F,ECE,66.6,Matriculation,60.6,CBSE,7.55,1,1,2
S0238,Naveen Thakur,M,EEE,80.1,ICSE,95.6,State,7.82,0,0,4
S0239,Diya Hegde,F,AIML,89.0,Matriculation,86.0,HSC,8.42,0,0,3
S0240,Pari Dubey,F,CIVIL,72.1,Matriculation,65.7,HSC,6.47,1,0,2
S0241,Riley Hegde,Non-binary,AIDS,61.6,ICSE,55.3,HSC,6.56,3,0,2
S0242,Kabir Bhat,M,EEE,78.7,CBSE,64.9,ICSE,6.36,3,1,3
S0243,Neha Chatterjee,F,CSE,66.4,ICSE,63.1,CBSE,6.9,0,0,4
S0244,Vivek Rao,M,IT,81.5,ICSE,89.0,State,8.94,0,0,3
S0245,Namita Thakur,F,MECH,72.6,CBSE,83.7,CBSE,7.63,0,0,4
S0246,Rashmi Joshi,F,AIML,74.3,CBSE,80.8,HSC,8.84,0,0,4
S0247,Deepak Hegde,M,CIVIL,73.4,State,76.3,ICSE,7.57,0,0,4
S0248,Dhruv Mehta,M,CSE,89.3,Matriculation,78.5,CBSE,8.94,0,0,3
S0249,Aman Sharma,M,AIDS,70.8,State,69.0,State,7.14,0,0,3
S0250,Akash Deshmukh,M,AIML,99.0,ICSE,89.8,HSC,8.1,1,0,3
S0251,Anvi Joshi,F,CSE,88.3,ICSE,92.4,State,8.65,0,0,3
S0252,Ravi Bose,M,CIVIL,55.6,Matriculation,62.9,State,6.22,1,1,4
S0253,Ankit Joshi,M,MECH,66.4,State,58.6,HSC,6.35,1,1,4
S0254,Rahul Mukherjee,M,ECE,64.9,Matriculation,71.9,State,6.86,3,1,4
S0255,Anvi Das,F,EEE,86.6,ICSE,79.1,ICSE,8.26,3,2,4
S0256,Suresh Pillai,M,CSE,80.4,ICSE,77.0,State,7.17,2,2,2
S0257,Anvi Jadhav,F,IT,54.5,Matriculation,51.2,ICSE,6.47,1,1,3
S0258,Nikhil Saxena,M,EEE,43.2,CBSE,48.0,State,4.55,1,0,2
S0259,Diya Reddy,F,EEE,99.5,CBSE,91.0,HSC,8.6,0,0,3
S0260,Jyoti Patel,F,IT,85.5,ICSE,72.4,State,7.75,0,0,4
S0261,Nikhil Tiwari,M,MECH,70.2,Matriculation,70.1,State,8.03,0,0,3
S0262,Ishaan Mishra,M,EEE,73.2,ICSE,73.1,CBSE,8.13,0,0,3
S0263,Pallavi Mishra,F,MECH,66.9,Matriculation,63.0,State,7.74,1,0,4
S0264,Gaurav Verma,M,CSE,71.7,ICSE,69.1,CBSE,7.84,0,0,3
S0265,Ravi Patel,M,CSE,71.3,CBSE,69.0,ICSE,7.17,0,0,4
S0266,Anjali Chatterjee,F,MECH,66.9,State,73.8,ICSE,7.21,1,0,4
S0267,Sunita Sen,F,AIDS,61.3,Matriculation,71.5,State,6.69,2,2,4
S0268,Pari Jain,F,ECE,65.5,CBSE,43.0,ICSE,6.01,2,2,3
S0269,Reyansh Yadav,M,MBA,82.1,ICSE,76.8,State,8.01,0,0,2
S0270,Aditya Kumar,M,CIVIL,48.9,CBSE,45.4,CBSE,6.03,1,1,4
S0271,Siya Joshi,F,ECE,89.9,ICSE,99.5,ICSE,8.55,0,0,4
S0272,Rohit Mehta,M,AIML,56.9,State,53.2,ICSE,6.48,2,0,4
S0273,Swathi Jain,F,MECH,66.8,State,73.0,CBSE,6.24,4,1,4
S0274,Riya Roy,F,ECE,87.9,CBSE,97.8,ICSE,9.05,0,0,4
S0275,Morgan Chatterjee,Non-binary,AIML,99.1,State,85.5,State,8.59,0,0,4
S0276,Dhruv Thakur,M,ECE,99.5,ICSE,96.8,HSC,9.79,0,0,3
S0277,Sanjay Ghosh,M,EEE,81.4,ICSE,75.6,ICSE,7.78,0,0,4
S0278,Lavanya Deshmukh,F,BCA,71.4,CBSE,66.5,CBSE,7.1,0,0,4
S0279,Deepak Nair,M,IT,73.4,CBSE,76.1,HSC,8.32,2,0,2
S0280,Casey Saxena,Non-binary,MECH,73.2,Matriculation,65.0,State,7.29,1,1,2
S0281,Diya Mehta,F,CIVIL,87.9,ICSE,89.4,State,8.09,2,2,3
S0282,Manoj Patil,M,CSE,83.5,CBSE,91.2,ICSE,8.06,1,0,4
S0283,Tarun Reddy,M,ECE,98.9,ICSE,99.5,ICSE,9.3,0,0,2
S0284,Sakshi Pandey,F,MECH,98.5,State,92.3,CBSE,8.65,0,0,4
S0285,Dhruv Yadav,M,ECE,48.2,CBSE,50.4,HSC,6.47,1,1,3
S0286,Ravi Menon,M,AIML,92.9,Matriculation,99.5,CBSE,9.27,0,0,2
S0287,Rohit Patil,M,CSE,50.7,Matriculation,57.9,State,6.86,0,0,4
S0288,Shalini Rao,F,ECE,51.7,ICSE,57.1,State,4.45,0,0,4
S0289,Myra Dubey,F,CSE,68.1,ICSE,71.2,HSC,7.26,0,0,4
S0290,Varun Dubey,M,CSE,71.0,ICSE,58.3,State,6.17,2,0,4
S0291,Aadhya Bansal,F,MBA,73.6,CBSE,70.9,State,7.85,0,0,3
S0292,Varun Sharma,M,AIML,99.5,Matriculation,98.3,ICSE,9.63,0,0,4
S0293,Ishaan Gupta,M,AIDS,73.3,CBSE,73.1,State,6.91,3,0,4
S0294,Ishaan Roy,M,CSE,92.4,State,78.9,ICSE,7.27,0,0,2
S0295,Nikhil Dubey,M,AIDS,92.7,ICSE,99.1,HSC,9.31,0,0,3
S0296,Dhruv Dubey,M,IT,83.2,ICSE,87.1,State,8.72,0,0,3
S0297,Akash Menon,M,CSE,96.4,Matriculation,99.5,CBSE,8.92,0,0,4
S0298,Harsh Ghosh,M,CSE,69.9,CBSE,63.3,HSC,6.77,1,0,4
S0299,Rekha Chauhan,F,AIML,58.8,CBSE,65.7,State,4.92,2,1,4
S0300,Aman Mukherjee,M,AIML,77.0,Matriculation,98.7,HSC,8.18,0,0,3
S0301,Rekha Kumar,F,CIVIL,87.7,ICSE,90.2,ICSE,8.6,0,0,3
S0302,Ishaan Tiwari,M,AIDS,82.3,CBSE,73.3,State,7.45,0,0,4
S0303,Anvi Gupta,F,CSE,71.6,ICSE,64.1,CBSE,7.7,0,0,4
S0304,Nisha Rao,F,IT,76.0,Matriculation,82.7,ICSE,7.9,1,0,2
S0305,Kavya Patil,F,AIML,58.8,Matriculation,54.8,HSC,6.41,0,0,4
S0306,Sanjay Sen,M,CSE,79.4,Matriculation,62.7,ICSE,6.84,3,0,3
S0307,Vikram Bansal,M,ECE,61.0,CBSE,72.2,ICSE,6.56,1,0,4
S0308,Rahul Iyer,M,ECE,78.3,Matriculation,76.7,State,7.72,0,0,4
S0309,Ravi Gupta,M,CSE,87.9,State,99.5,HSC,9.68,0,0,3
S0310,Priya Deshmukh,F,AIDS,99.5,Matriculation,99.5,CBSE,8.4,0,0,4
S0311,Sage Ghosh,Non-binary,CSE,80.1,ICSE,75.0,State,6.19,0,0,4
S0312,Deepak Patel,M,MECH,87.0,ICSE,88.0,State,8.4,0,0,4
S0313,Vikram Shah,M,AIML,54.0,State,41.4,CBSE,5.37,1,1,3
S0314,Akash Chauhan,M,AIDS,87.2,State,80.1,HSC,8.6,0,0,4
S0315,Lakshya Patel,M,BCA,87.9,CBSE,76.5,CBSE,8.97,1,1,4
S0316,Varun Chauhan,M,CSE,74.2,CBSE,60.1,CBSE,6.59,1,0,2
S0317,Lakshya Chatterjee,M,AIDS,90.7,Matriculation,95.6,State,9.14,0,0,3
S0318,Sage Hegde,Non-binary,IT,67.3,CBSE,52.7,State,6.34,3,0,4
S0319,Vikram Mukherjee,M,CSE,64.8,Matriculation,66.0,ICSE,6.08,1,1,4
S0320,Mohit Pillai,M,CIVIL,67.0,State,67.4,HSC,6.85,2,1,3
S0321,Naveen Dubey,M,CSE,89.4,ICSE,78.0,CBSE,8.26,0,0,3
S0322,Kiara Kulkarni,F,CIVIL,85.2,CBSE,89.9,State,8.13,1,1,3
S0323,Dhruv Mishra,M,AIDS,66.7,State,65.6,CBSE,6.83,3,1,4
S0324,Rohit Mishra,M,MECH,70.8,CBSE,75.8,State,7.42,0,0,3
S0325,Rahul Saxena,M,ECE,86.6,Matriculation,83.7,State,8.09,3,0,3
S0326,Pradeep Saxena,M,CIVIL,85.3,ICSE,87.0,State,8.87,0,0,4
S0327,Pranav Menon,M,MECH,82.2,CBSE,71.6,HSC,7.55,0,0,3
S0328,Dev Menon,M,IT,78.1,Matriculation,71.3,State,6.32,1,0,3
S0329,Pradeep Hegde,M,AIML,60.5,CBSE,54.3,ICSE,7.47,1,1,3
S0330,Pooja Reddy,F,ECE,89.3,CBSE,85.9,HSC,9.5,0,0,4
S0331,Nisha Pandey,F,CSE,61.1,CBSE,46.0,HSC,6.51,1,0,4
S0332,Rekha Jain,F,MBA,86.6,CBSE,82.5,CBSE,8.17,1,1,3
S0333,Pari Chatterjee,F,MBA,77.1,Matriculation,76.4,ICSE,6.39,4,2,3
S0334,Tara Kumar,F,IT,88.1,ICSE,82.6,CBSE,8.33,0,0,3
S0335,Ananya Tiwari,F,CSE,57.4,Matriculation,58.5,HSC,7.07,0,0,3
S0336,Vivek Patil,M,CSE,65.4,State,67.0,State,6.17,2,0,4
S0337,Riya Chauhan,F,IT,82.7,Matriculation,90.0,HSC,9.43,0,0,2
S0338,Sakshi Patil,F,MECH,84.1,CBSE,86.4,HSC,8.2,0,0,3
S0339,Anvi Roy,F,CSE,70.8,State,51.2,CBSE,6.65,1,1,4
S0340,Gaurav Sharma,M,AIML,99.5,ICSE,95.6,HSC,9.93,0,0,4
S0341,Rohit Iyer,M,MBA,99.5,CBSE,97.6,State,9.3,0,0,3
S0342,Manisha Reddy,F,AIML,79.2,Matriculation,76.8,CBSE,7.9,0,0,3
S0343,Nisha Sen,F,EEE,70.9,ICSE,67.5,CBSE,6.77,2,2,4
S0344,Naveen Nair,M,MBA,73.3,CBSE,57.1,State,6.1,1,1,4
S0345,Lavanya Shah,F,ECE,87.1,CBSE,84.5,State,7.52,1,1,3
S0346,Akash Deshmukh,M,AIDS,56.0,CBSE,65.1,CBSE,6.47,2,1,4
S0347,Vivek Kumar,M,AIDS,52.1,ICSE,58.7,CBSE,6.82,2,1,3
S0348,Pari More,F,IT,56.2,Matriculation,63.9,CBSE,5.54,1,1,4
S0349,Kiara Bose,F,MBA,95.7,ICSE,99.5,State,9.77,0,0,3
S0350,Vikram Patil,M,CIVIL,56.5,State,72.1,ICSE,7.15,1,1,3
S0351,Meera Joshi,F,ECE,41.9,CBSE,43.0,HSC,4.78,0,0,4
S0352,Aarav Bose,M,EEE,87.6,Matriculation,85.9,ICSE,9.37,0,0,3
S0353,Aditya Bose,M,ECE,56.0,Matriculation,58.4,CBSE,6.03,0,0,3
S0354,Arjun Jadhav,M,IT,99.5,State,99.5,HSC,9.63,0,0,4
S0355,Anvi Nair,F,MECH,99.0,ICSE,88.6,HSC,7.95,3,1,3
S0356,Deepak Chatterjee,M,IT,90.4,State,80.8,CBSE,8.05,1,1,3
S0357,Nikhil Shah,M,EEE,69.3,State,80.5,State,7.08,0,0,4
S0358,Vivek Kulkarni,M,ECE,76.6,State,72.8,CBSE,8.26,1,1,2
S0359,Naveen Tiwari,M,CSE,91.8,State,79.0,HSC,7.24,1,0,3
S0360,Meera Sen,F,EEE,90.6,State,97.6,ICSE,9.9,0,0,4
S0361,Kiran Pandey,Non-binary,CSE,85.8,State,68.0,State,7.88,2,2,3
S0362,Yash Shah,M,AIDS,83.8,ICSE,99.5,HSC,8.89,0,0,4
S0363,Ajay Agarwal,M,CIVIL,74.5,State,73.2,ICSE,8.57,0,0,4
S0364,Rekha Chauhan,F,IT,57.0,CBSE,63.0,ICSE,6.53,2,2,3
S0365,Akash Sharma,M,AIML,75.7,CBSE,75.2,HSC,8.5,0,0,3
S0366,Arjun Patel,M,CSE,62.0,Matriculation,71.2,State,6.98,0,0,4
S0367,Vihaan Agarwal,M,ECE,81.9,ICSE,94.8,CBSE,8.61,0,0,4
S0368,Pranav Gupta,M,CSE,97.9,Matriculation,84.9,HSC,9.29,0,0,3
S0369,Siddharth Saxena,M,AIDS,54.6,Matriculation,68.2,State,5.86,2,0,2
S0370,Ananya Singh,F,ECE,77.0,Matriculation,78.5,ICSE,8.49,3,0,3
S0371,Aditya Tiwari,M,CSE,75.1,Matriculation,88.0,State,8.4,1,1,4
S0372,Anjali Chauhan,F,AIDS,68.7,CBSE,72.0,CBSE,6.88,1,1,4
S0373,Yash Gupta,M,IT,77.6,ICSE,66.5,CBSE,7.7,1,0,4
S0374,Kavya Sharma,F,ECE,63.9,Matriculation,77.5,ICSE,7.66,0,0,4
S0375,Bhavana Thakur,F,BCA,78.9,State,77.7,CBSE,6.68,3,2,4
S0376,Anjali Bhat,F,MBA,83.9,State,76.5,State,8.44,1,1,4
S0377,Naveen Deshmukh,M,AIML,79.2,State,74.2,CBSE,6.99,1,1,2
S0378,Ishaan Iyer,M,AIDS,68.0,Matriculation,73.2,HSC,7.69,0,0,3
S0379,Kabir Dubey,M,AIML,80.6,Matriculation,73.4,ICSE,8.44,1,0,3
S0380,Kiara Iyer,F,CSE,70.4,ICSE,70.8,HSC,7.04,0,0,2
S0381,Ishaan Dubey,M,AIDS,49.0,CBSE,60.3,HSC,6.14,1,1,4
S0382,Rowan Pandey,Non-binary,MECH,66.9,CBSE,63.6,ICSE,6.69,3,0,2
S0383,Lakshmi Shah,F,MECH,69.3,State,74.2,ICSE,6.41,1,1,4
S0384,Rahul Sen,M,BCA,99.5,State,87.7,CBSE,8.47,0,0,4
S0385,Divya Hegde,F,AIML,69.6,Matriculation,85.2,CBSE,7.73,1,1,4
S0386,Divya Gupta,F,MECH,87.1,CBSE,74.1,State,6.99,2,2,4
S0387,Lavanya Hegde,F,AIML,79.5,CBSE,78.3,CBSE,7.97,1,1,4
S0388,Manisha Mishra,F,IT,96.7,State,92.3,State,8.59,1,1,4
S0389,Aditya Tiwari,M,MECH,82.9,Matriculation,86.6,ICSE,7.79,0,0,4
S0390,Naveen Mehta,M,EEE,65.5,ICSE,57.1,ICSE,6.9,1,0,4
S0391,Gaurav Shah,M,ECE,60.2,CBSE,64.7,ICSE,7.15,2,0,3
S0392,Priya Yadav,F,AIML,71.4,ICSE,73.2,ICSE,6.29,1,0,2
S0393,Lakshmi Nair,F,MECH,59.4,Matriculation,54.3,State,6.46,0,0,4
S0394,Rashmi Dubey,F,AIML,96.8,CBSE,96.0,ICSE,9.16,0,0,4
S0395,Rohit Das,M,IT,85.0,ICSE,83.4,CBSE,7.53,0,0,3
S0396,Dhruv Ghosh,M,CSE,51.5,ICSE,44.7,CBSE,6.05,0,0,3
S0397,Kabir Iyer,M,EEE,88.1,Matriculation,79.8,ICSE,8.34,0,0,2
S0398,Yash Verma,M,IT,94.9,State,83.6,ICSE,8.83,0,0,4
S0399,Rowan Mishra,Non-binary,EEE,64.7,State,64.0,HSC,7.03,1,1,3
S0400,Anvi Saxena,F,ECE,42.5,ICSE,54.3,State,7.62,2,2,4
S0401,Ananya Kumar,F,AIDS,81.1,State,79.8,HSC,8.0,1,0,3
S0402,Rekha Patil,F,ECE,69.9,State,68.2,State,7.11,0,0,2
S0403,Shalini Agarwal,F,CSE,98.2,Matriculation,93.7,HSC,8.77,1,0,2
S0404,Meera Sharma,F,AIML,60.4,CBSE,58.2,CBSE,6.72,3,2,4
S0405,Lakshya Verma,M,MECH,69.8,ICSE,78.1,ICSE,7.17,0,0,3
S0406,Kabir Deshmukh,M,CSE,71.7,CBSE,74.0,HSC,7.3,0,0,4
S0407,Ankit Rao,M,IT,67.5,State,79.5,State,8.03,0,0,3
S0408,Rowan Agarwal,Non-binary,AIML,98.7,Matriculation,84.0,CBSE,9.46,0,0,4
S0409,Varun Bose,M,EEE,82.9,Matriculation,90.4,State,7.83,1,1,4
S0410,Vihaan Saxena,M,CSE,69.3,Matriculation,73.0,HSC,6.84,2,0,4
S0411,Neha Tiwari,F,CSE,68.2,CBSE,68.8,State,8.16,0,0,4
S0412,Reyansh Patil,M,CSE,74.5,ICSE,66.8,HSC,7.9,0,0,3
S0413,Kabir Jadhav,M,AIDS,79.1,ICSE,90.9,ICSE,8.0,1,1,4
S0414,Rahul Dubey,M,CSE,77.5,ICSE,86.6,State,7.56,0,0,3
S0415,Riley Joshi,Non-binary,EEE,90.8,Matriculation,94.9,CBSE,9.25,0,0,4
S0416,Varun Verma,M,CSE,71.6,ICSE,68.5,HSC,6.24,1,0,3
S0417,Aarav Kulkarni,M,AIML,79.4,CBSE,91.3,CBSE,8.11,1,1,2
S0418,Aanya Sen,F,IT,50.7,Matriculation,44.2,CBSE,5.44,3,1,2
S0419,Morgan Thakur,Non-binary,AIML,64.2,Matriculation,66.1,CBSE,6.14,0,0,4
S0420,Ajay Tiwari,M,AIML,84.5,CBSE,82.9,CBSE,7.55,0,0,4
S0421,Nisha Chauhan,F,AIML,61.9,Matriculation,56.0,ICSE,6.22,1,0,2
S0422,Deepika Pandey,F,EEE,71.7,ICSE,77.4,CBSE,7.53,0,0,2
S0423,Rashmi Mehta,F,AIDS,99.5,CBSE,97.1,State,9.74,0,0,3
S0424,Shruti Hegde,F,ECE,63.2,Matriculation,70.2,State,7.78,0,0,4
S0425,Lavanya Kumar,F,CSE,81.7,Matriculation,97.8,CBSE,9.31,0,0,4
S0426,Deepak Das,M,CSE,89.9,State,89.0,CBSE,9.22,0,0,3
S0427,Kavya Thakur,F,ECE,90.4,State,93.1,State,9.7,0,0,2
S0428,Aditya Kumar,M,CSE,67.7,State,65.3,State,6.15,2,1,4
S0429,Anjali Gupta,F,IT,95.8,ICSE,98.5,State,8.28,0,0,4
S0430,Dev Shah,M,MBA,61.5,Matriculation,73.6,CBSE,7.28,0,0,4
S0431,Sakshi Shah,F,CSE,99.5,State,94.1,ICSE,8.91,1,1,3
S0432,Tara Bose,F,AIDS,77.7,ICSE,75.8,State,7.24,0,0,4
S0433,Sunita Mehta,F,IT,67.7,ICSE,63.8,State,6.63,1,1,4
S0434,Naveen Kumar,M,CSE,68.1,Matriculation,65.0,ICSE,7.38,0,0,3
S0435,Ajay Yadav,M,EEE,64.2,CBSE,65.7,ICSE,7.38,3,1,4
S0436,Sakshi Dubey,F,AIML,91.6,ICSE,79.1,ICSE,7.83,0,0,3
S0437,Arjun Chauhan,M,AIML,97.1,CBSE,97.2,State,8.08,0,0,4
S0438,Siya Mehta,F,ECE,88.4,ICSE,80.7,ICSE,8.07,0,0,4
S0439,Dhruv Bose,M,MECH,45.3,CBSE,45.9,ICSE,4.95,5,2,3
S0440,Naveen Agarwal,M,ECE,71.2,Matriculation,65.6,CBSE,6.5,1,0,4
S0441,Sunita Ghosh,F,AIML,59.7,Matriculation,59.7,State,7.54,1,0,4
S0442,Pooja Pillai,F,IT,87.1,CBSE,71.4,State,7.74,0,0,2
S0443,Vihaan Agarwal,M,ECE,83.0,Matriculation,82.9,State,8.42,1,1,4
S0444,Deepak Das,M,CIVIL,56.4,State,77.0,HSC,6.9,3,1,4
S0445,Rashmi Jadhav,F,ECE,70.1,CBSE,85.8,State,8.21,0,0,2
S0446,Manoj Joshi,M,AIML,59.3,CBSE,71.6,State,6.51,2,1,4
S0447,Arnav Kumar,M,AIML,69.0,State,68.3,ICSE,7.26,1,0,3
S0448,Sachin Shah,M,EEE,64.1,CBSE,75.3,ICSE,6.24,1,1,2
S0449,Ishaan Yadav,M,AIDS,67.2,CBSE,67.9,ICSE,6.76,2,0,4
S0450,Aman Yadav,M,CSE,58.9,State,77.4,HSC,7.96,2,0,4
S0451,Karthik Nair,M,ECE,76.4,State,78.3,State,6.94,2,0,4
S0452,Ajay Reddy,M,MECH,80.2,State,74.6,CBSE,7.45,0,0,2
S0453,Vikram Mehta,M,IT,85.5,ICSE,82.0,CBSE,8.55,1,0,4
S0454,Pooja Dubey,F,MECH,83.9,State,91.8,State,8.77,0,0,4
S0455,Yash Mehta,M,MECH,69.7,ICSE,73.8,HSC,6.98,2,0,4
S0456,Ramesh Deshmukh,M,MBA,56.6,CBSE,68.9,State,6.13,0,0,4
S0457,Pallavi Roy,F,ECE,88.3,ICSE,80.1,HSC,8.45,0,0,4
S0458,Naveen Gupta,M,MBA,85.7,State,95.0,HSC,9.01,0,0,3
S0459,Harsh Joshi,M,AIDS,66.9,Matriculation,68.8,CBSE,6.2,3,2,4
S0460,Jordan Bhat,Non-binary,AIML,99.5,ICSE,96.0,State,8.71,0,0,4
S0461,Naveen Bansal,M,CSE,35.2,CBSE,45.0,HSC,5.91,2,1,4
S0462,Aman Saxena,M,AIML,63.9,Matriculation,72.6,State,6.23,4,1,4
S0463,Rekha Reddy,F,MBA,81.9,ICSE,80.6,CBSE,8.03,0,0,4
S0464,Vihaan Mukherjee,M,MECH,94.4,Matriculation,98.7,State,9.04,0,0,3
S0465,Gaurav Sharma,M,AIDS,74.0,CBSE,65.4,HSC,6.39,1,1,3
S0466,Pooja Hegde,F,AIDS,62.4,Matriculation,72.5,State,7.76,0,0,4
S0467,Vikram Nair,M,ECE,90.2,State,93.8,State,8.6,0,0,3
S0468,Pradeep Joshi,M,AIDS,99.5,CBSE,97.3,CBSE,9.49,0,0,4
S0469,Pranav Rao,M,AIML,91.7,Matriculation,99.5,CBSE,8.72,1,0,4
S0470,Gaurav Patil,M,AIML,60.3,ICSE,53.5,HSC,5.75,5,0,4
S0471,Namita Agarwal,F,CSE,92.9,Matriculation,94.3,State,8.48,0,0,4
S0472,Meera Deshmukh,F,EEE,63.9,State,74.3,ICSE,6.25,3,0,4
S0473,Harsh Bhat,M,AIML,99.5,State,96.0,HSC,9.82,0,0,2
S0474,Arnav Tiwari,M,MECH,54.2,State,42.5,CBSE,6.03,3,1,4
S0475,Kavya Sharma,F,IT,76.8,Matriculation,82.4,CBSE,6.8,1,1,4
S0476,Ramesh Jain,M,MECH,65.9,CBSE,61.9,ICSE,6.66,3,0,3
S0477,Rohit Gupta,M,IT,99.5,ICSE,95.9,CBSE,9.55,0,0,3
S0478,Ishita Jain,F,IT,58.5,CBSE,63.0,CBSE,7.93,3,0,4
S0479,Lakshya Pandey,M,AIML,89.4,Matriculation,84.0,CBSE,9.51,0,0,2
S0480,Swathi Gupta,F,AIML,60.9,CBSE,65.7,ICSE,5.81,2,1,4
S0481,Dev Kulkarni,M,AIML,94.9,Matriculation,90.7,State,8.2,0,0,3
S0482,Priya More,F,AIML,85.4,CBSE,75.3,HSC,8.86,1,1,4
S0483,Tanvi Ghosh,F,MECH,70.6,Matriculation,61.7,CBSE,6.48,3,1,3
S0484,Shruti Kumar,F,MECH,84.7,ICSE,81.4,ICSE,8.4,0,0,2
S0485,Reyansh More,M,AIML,82.7,State,92.5,CBSE,8.73,0,0,4
S0486,Dev Kulkarni,M,ECE,75.2,ICSE,87.4,CBSE,6.9,2,2,4
S0487,Sunita Yadav,F,AIDS,76.7,ICSE,76.6,HSC,6.56,3,1,3
S0488,Pari Kulkarni,F,EEE,88.6,CBSE,91.2,State,8.14,0,0,3
S0489,Ananya Iyer,F,MBA,57.6,CBSE,73.9,State,7.41,2,2,4
S0490,Kiara Bose,F,AIDS,75.1,CBSE,68.3,CBSE,7.01,0,0,4
S0491,Ajay Chatterjee,M,EEE,77.1,CBSE,71.9,State,7.18,2,0,4
S0492,Manoj Reddy,M,IT,65.8,CBSE,75.4,State,7.34,0,0,4
S0493,Rahul Chatterjee,M,AIML,60.4,CBSE,63.5,CBSE,6.82,1,0,4
S0494,Tarun Roy,M,CSE,68.6,ICSE,75.7,State,7.46,0,0,3
S0495,Aditya Dubey,M,CIVIL,91.2,State,82.0,CBSE,7.69,0,0,4
S0496,Dev Patel,M,CSE,77.8,CBSE,85.5,CBSE,8.0,2,2,4
S0497,Vihaan Singh,M,CSE,55.2,ICSE,42.1,ICSE,5.21,2,0,4
S0498,Aman Joshi,M,AIDS,65.4,Matriculation,59.3,ICSE,6.91,1,1,2
S0499,Pranav Reddy,M,AIDS,82.1,ICSE,78.9,State,8.25,0,0,3
S0500,Saanvi Menon,F,AIDS,66.8,ICSE,55.1,HSC,7.65,0,0,4
S0501,Aman Das,M,AIDS,84.6,Matriculation,87.0,State,7.52,0,0,4
S0502,Nikhil Chauhan,M,AIDS,72.6,ICSE,73.1,CBSE,6.97,1,1,2
S0503,Rahul Das,M,MECH,91.2,ICSE,89.7,ICSE,8.2,3,2,3
S0504,Vihaan Roy,M,AIML,70.0,State,68.7,CBSE,8.04,2,2,4
S0505,Deepika Nair,F,AIML,77.9,Matriculation,76.4,ICSE,7.5,1,1,4
S0506,Saanvi Sharma,F,AIML,64.0,ICSE,64.9,State,6.71,0,0,3
S0507,Diya Chauhan,F,MECH,84.8,ICSE,93.0,State,9.62,1,0,4
S0508,Lavanya Bansal,F,CSE,81.7,CBSE,73.9,HSC,8.47,0,0,4
S0509,Kavya Patil,F,CSE,69.7,CBSE,57.0,HSC,6.94,1,0,2
S0510,Aanya Gupta,F,CIVIL,75.5,ICSE,66.6,State,7.01,1,0,4
S0511,Sneha Bhat,F,EEE,87.4,CBSE,84.4,ICSE,7.92,0,0,4
S0512,Lakshmi Bhat,F,BCA,57.9,State,59.6,CBSE,6.36,0,0,4
S0513,Aarav Thakur,M,AIDS,80.0,Matriculation,76.0,HSC,8.02,0,0,4
S0514,Kritika Singh,F,CSE,91.5,CBSE,69.0,ICSE,8.11,0,0,4
S0515,Rohit Singh,M,ECE,59.0,Matriculation,67.7,ICSE,7.34,3,0,2
S0516,Pallavi Bansal,F,MECH,74.6,ICSE,76.3,HSC,8.07,1,1,4
S0517,Yash Iyer,M,CSE,61.1,Matriculation,59.5,HSC,6.13,1,0,4
S0518,Pradeep Tiwari,M,EEE,77.8,ICSE,88.6,State,8.58,0,0,3
S0519,Manisha Kumar,F,AIML,54.9,State,51.7,HSC,6.12,1,0,4
S0520,Varun Patel,M,ECE,71.1,Matriculation,69.7,ICSE,7.06,0,0,3
S0521,Priya Verma,F,IT,84.5,CBSE,89.3,CBSE,8.57,0,0,4
S0522,Casey Verma,Non-binary,AIML,75.3,CBSE,88.7,State,8.39,3,2,3
S0523,Lavanya Kulkarni,F,IT,61.3,Matriculation,65.3,ICSE,6.41,0,0,4
S0524,Ananya Shah,F,IT,99.5,State,90.9,ICSE,8.35,0,0,4
S0525,Aanya Hegde,F,CSE,81.0,ICSE,75.1,State,8.09,2,2,2
S0526,Namita Mishra,F,BCA,77.7,Matriculation,80.9,ICSE,7.7,1,1,3
S0527,Ishita Jadhav,F,IT,66.7,ICSE,75.7,State,7.02,0,0,4
S0528,Nikhil Kulkarni,M,AIDS,57.6,ICSE,51.6,ICSE,6.0,0,0,4
S0529,Ravi Hegde,M,MBA,87.7,ICSE,72.9,CBSE,8.13,3,1,4
S0530,Varun Yadav,M,AIML,96.7,Matriculation,85.3,CBSE,9.59,0,0,4
S0531,Deepika Roy,F,ECE,79.5,State,79.7,ICSE,8.36,1,0,4
S0532,Anvi Gupta,F,IT,70.7,State,66.3,HSC,7.28,0,0,4
S0533,Aarav Yadav,M,CIVIL,81.4,CBSE,75.6,CBSE,7.45,0,0,4
S0534,Vihaan Reddy,M,MECH,99.5,ICSE,98.1,ICSE,9.35,0,0,3
S0535,Tarun Bose,M,CSE,87.2,ICSE,99.5,CBSE,8.07,0,0,2
S0536,Ravi Mukherjee,M,EEE,83.8,Matriculation,84.5,CBSE,8.35,2,2,4
S0537,Morgan Bansal,Non-binary,AIDS,84.3,State,80.5,State,6.16,1,0,3
S0538,Lakshmi Bansal,F,ECE,99.5,ICSE,99.5,State,9.51,0,0,3
S0539,Nikhil Menon,M,MECH,91.1,ICSE,99.5,CBSE,9.0,0,0,4
S0540,Aishwarya Thakur,F,BCA,78.5,CBSE,73.1,State,7.47,0,0,4
S0541,Sneha Kumar,F,AIDS,60.8,Matriculation,59.0,CBSE,6.37,1,0,3
S0542,Aishwarya Singh,F,MBA,56.1,ICSE,75.3,State,6.75,2,0,4
S0543,Aditya Das,M,CSE,89.3,Matriculation,82.7,State,9.27,0,0,4
S0544,Lakshya Singh,M,IT,84.8,CBSE,71.4,ICSE,7.97,0,0,4
S0545,Ramesh Pandey,M,MECH,74.9,CBSE,77.3,HSC,7.79,0,0,4
S0546,Manisha Mukherjee,F,CSE,78.8,ICSE,81.6,HSC,8.45,1,1,4
S0547,Rekha Agarwal,F,CSE,73.3,CBSE,64.8,State,6.93,2,1,2
S0548,Rahul Dubey,M,AIDS,80.1,State,72.8,ICSE,7.63,0,0,3
S0549,Varun Ghosh,M,EEE,67.5,CBSE,65.0,HSC,6.87,3,0,3
S0550,Kavya Jain,F,AIML,82.5,CBSE,87.7,State,8.84,0,0,4
S0551,Kritika Mishra,F,BCA,78.7,CBSE,62.7,State,6.94,3,0,4
S0552,Kavya Gupta,F,IT,87.8,CBSE,99.5,CBSE,7.75,1,1,4
S0553,Aadhya Iyer,F,IT,86.8,Matriculation,78.6,HSC,8.06,0,0,3
S0554,Lakshya Saxena,M,AIML,59.5,CBSE,67.5,HSC,7.09,3,1,4
S0555,Lakshya Bose,M,BCA,95.0,State,92.6,CBSE,8.6,0,0,2
S0556,Rowan Iyer,Non-binary,MECH,64.5,Matriculation,72.1,CBSE,7.8,0,0,4
S0557,Pari Nair,F,CSE,74.3,ICSE,82.1,ICSE,6.95,0,0,4
S0558,Jordan Bhat,Non-binary,MECH,66.5,Matriculation,69.9,HSC,6.98,0,0,3
S0559,Ajay Dubey,M,AIML,73.5,CBSE,78.0,CBSE,7.79,0,0,4
S0560,Pallavi Pandey,F,AIML,90.5,ICSE,93.5,HSC,8.47,3,2,4
S0561,Sunita Patil,F,IT,82.5,State,76.9,CBSE,7.53,0,0,2
S0562,Vihaan Dubey,M,AIML,62.8,ICSE,85.3,HSC,7.01,1,0,4
S0563,Naveen Reddy,M,MECH,72.5,CBSE,63.9,ICSE,7.06,2,0,3
S0564,Kabir Chatterjee,M,AIDS,92.5,CBSE,80.5,ICSE,8.73,0,0,4
S0565,Siya Joshi,F,EEE,73.8,CBSE,83.0,State,7.9,0,0,4
S0566,Siddharth Nair,M,AIDS,68.3,Matriculation,75.1,State,7.04,0,0,3
S0567,Gaurav Joshi,M,AIML,86.9,ICSE,83.0,State,7.97,0,0,4
S0568,Karthik Jain,M,ECE,94.2,ICSE,75.9,HSC,8.42,0,0,3
S0569,Siya Yadav,F,AIML,94.4,ICSE,99.5,HSC,9.35,1,1,3
S0570,Gaurav Reddy,M,AIML,94.0,ICSE,90.2,ICSE,9.53,0,0,4
S0571,Rekha Gupta,F,IT,79.4,State,92.0,HSC,8.18,0,0,3
S0572,Gaurav Chauhan,M,MBA,70.5,ICSE,72.3,HSC,7.86,0,0,2
S0573,Kiara Mehta,F,MECH,79.5,State,74.3,HSC,8.08,0,0,4
S0574,Suresh Chatterjee,M,ECE,48.0,State,43.7,ICSE,4.32,3,0,4
S0575,Vivek Mishra,M,CIVIL,94.2,CBSE,94.4,ICSE,8.38,1,0,4
S0576,Ankit Yadav,M,ECE,70.8,Matriculation,67.2,ICSE,7.34,1,0,4
S0577,Lakshmi Sen,F,MECH,92.9,State,78.2,ICSE,8.21,0,0,4
S0578,Jordan Joshi,Non-binary,CSE,99.5,ICSE,99.5,HSC,8.65,0,0,4
S0579,Sneha Joshi,F,CSE,76.7,ICSE,76.9,CBSE,7.67,1,1,4
S0580,Ramesh Gupta,M,IT,73.7,CBSE,63.5,ICSE,7.49,0,0,2
S0581,Lakshmi Shah,F,AIML,58.8,ICSE,67.4,HSC,5.78,1,0,3
S0582,Tanvi Verma,F,CSE,91.5,State,73.2,State,8.15,1,1,3
S0583,Kavya Bansal,F,CSE,72.4,ICSE,74.0,HSC,7.28,0,0,4
S0584,Aditya Mishra,M,AIDS,90.1,State,81.8,HSC,8.77,0,0,4
S0585,Varun Chauhan,M,EEE,84.5,ICSE,86.4,HSC,7.78,3,0,4
S0586,Nisha Rao,F,AIML,75.6,CBSE,73.1,ICSE,6.87,0,0,4
S0587,Quinn Roy,Non-binary,ECE,79.5,Matriculation,75.7,State,8.02,0,0,3
S0588,Saanvi Gupta,F,MECH,95.1,CBSE,85.0,State,8.11,1,1,4
S0589,Lakshmi Iyer,F,ECE,77.8,CBSE,75.3,CBSE,7.41,0,0,3
S0590,Aadhya Pillai,F,EEE,67.9,CBSE,79.9,CBSE,8.08,0,0,3
S0591,Aadhya Pandey,F,MECH,54.2,State,63.8,State,6.47,0,0,4
S0592,Ankit Bhat,M,MBA,86.5,State,84.0,State,8.39,3,1,4
S0593,Karthik Hegde,M,AIDS,80.3,Matriculation,76.0,CBSE,7.21,0,0,4
S0594,Siddharth Jadhav,M,BCA,77.5,State,76.7,HSC,9.48,0,0,2
S0595,Reyansh Kumar,M,IT,80.2,State,78.1,ICSE,7.63,0,0,4
S0596,Aanya Pandey,F,AIDS,98.7,State,86.6,State,8.63,0,0,4
S0597,Aman Verma,M,CIVIL,66.0,CBSE,83.7,State,7.35,0,0,2
S0598,Kiara Verma,F,IT,93.2,Matriculation,82.9,State,8.94,0,0,3
S0599,Rashmi More,F,EEE,77.1,Matriculation,88.7,ICSE,8.2,0,0,4
S0600,Ajay Verma,M,AIML,99.5,State,99.4,ICSE,9.34,0,0,4
S0601,Shruti Das,F,AIML,84.5,Matriculation,89.5,CBSE,8.48,1,0,3
S0602,Ankit Ghosh,M,AIML,85.7,CBSE,93.6,HSC,8.36,3,1,4
S0603,Kabir Deshmukh,M,CIVIL,98.9,ICSE,99.5,State,9.54,0,0,3
S0604,Pavan Patel,M,MBA,63.5,State,59.6,CBSE,6.24,1,1,4
S0605,Priya Shah,F,EEE,89.9,State,98.8,CBSE,8.69,0,0,3
S0606,Rekha Iyer,F,AIDS,73.8,CBSE,84.5,State,8.41,0,0,4
S0607,Manisha Gupta,F,MECH,40.5,State,43.6,State,4.15,2,2,4
S0608,Ishita Singh,F,EEE,80.7,State,66.5,State,6.97,4,2,3
S0609,Harsh Tiwari,M,AIDS,64.9,Matriculation,67.8,State,6.86,0,0,4
S0610,Ananya Dubey,F,MECH,99.5,Matriculation,98.6,CBSE,9.76,0,0,2
S0611,Aadhya Gupta,F,AIDS,80.4,Matriculation,83.5,HSC,7.61,0,0,3
S0612,Kabir Menon,M,AIDS,44.6,State,47.5,CBSE,5.37,3,1,2
S0613,Diya Patel,F,ECE,84.4,Matriculation,76.4,CBSE,7.87,0,0,4
S0614,Bhavana Mukherjee,F,CSE,64.4,ICSE,67.6,ICSE,6.48,0,0,4
S0615,Jyoti Iyer,F,ECE,87.2,State,76.2,HSC,8.73,0,0,4
S0616,Namita Das,F,AIDS,47.0,Matriculation,51.7,ICSE,4.75,3,2,4
S0617,Arjun Thakur,M,AIML,68.6,State,73.2,CBSE,8.35,0,0,4
S0618,Sanjay Verma,M,AIML,98.4,Matriculation,96.6,HSC,9.89,0,0,4
S0619,Siddharth Ghosh,M,IT,62.5,ICSE,85.7,ICSE,7.68,0,0,4
S0620,Deepika Jadhav,F,AIDS,79.1,ICSE,84.7,ICSE,7.74,1,1,2
S0621,Mohit Das,M,MBA,69.8,CBSE,72.4,CBSE,7.52,0,0,3
S0622,Meera Rao,F,AIML,81.2,ICSE,72.3,CBSE,7.51,0,0,4
S0623,Jyoti Chatterjee,F,AIDS,85.6,CBSE,91.0,CBSE,8.09,0,0,4
S0624,Deepika Deshmukh,F,AIDS,94.7,ICSE,99.1,HSC,9.38,0,0,4
S0625,Divya Bansal,F,IT,78.0,CBSE,66.4,HSC,7.19,0,0,3
S0626,Rohan Singh,M,IT,65.9,State,61.9,CBSE,7.16,0,0,3
S0627,Aadhya Joshi,F,AIML,96.4,State,92.8,CBSE,9.41,0,0,2
S0628,Aman Shah,M,ECE,85.6,Matriculation,88.2,ICSE,9.17,1,1,4
S0629,Arnav Roy,M,ECE,62.1,ICSE,70.1,CBSE,6.4,0,0,2
S0630,Ishita Gupta,F,CSE,78.6,CBSE,83.0,HSC,8.19,0,0,4
S0631,Lakshya Thakur,M,MECH,86.6,CBSE,90.5,CBSE,7.09,0,0,3
S0632,Siya Sharma,F,AIDS,70.8,CBSE,74.2,State,7.46,0,0,3
S0633,Siddharth Tiwari,M,AIML,52.5,ICSE,54.7,State,5.6,1,1,3
S0634,Myra Bansal,F,CSE,65.1,CBSE,71.7,CBSE,7.73,2,2,3
S0635,Ajay Deshmukh,M,MECH,99.5,State,96.9,HSC,8.95,1,0,2
S0636,Pallavi Sen,F,MBA,90.9,CBSE,82.1,CBSE,7.88,2,2,2
S0637,Dev Iyer,M,BCA,86.0,State,79.2,State,8.26,2,2,4
S0638,Rashmi Mukherjee,F,AIDS,85.2,ICSE,90.7,State,8.79,0,0,4
S0639,Kavya Bansal,F,CSE,70.6,State,68.2,CBSE,7.4,0,0,4
S0640,Lakshmi Thakur,F,CIVIL,80.3,Matriculation,69.8,State,7.66,3,0,3
S0641,Pavan Verma,M,CSE,54.1,CBSE,75.2,CBSE,6.09,0,0,4
S0642,Mohit Sharma,M,EEE,88.7,ICSE,86.2,State,8.19,1,1,4
S0643,Aditya Patil,M,AIML,72.1,CBSE,81.8,State,6.88,2,1,4
S0644,Mohit Pillai,M,IT,78.8,State,79.9,CBSE,8.44,0,0,4
S0645,Arnav Rao,M,MECH,80.9,ICSE,91.7,CBSE,9.03,0,0,3
S0646,Akash Kulkarni,M,IT,98.0,Matriculation,88.3,ICSE,8.32,0,0,4
S0647,Vivek Tiwari,M,AIML,45.5,State,46.8,HSC,4.7,2,2,2
S0648,Dhruv Nair,M,CSE,74.2,Matriculation,88.4,HSC,7.86,0,0,4
S0649,Akash Singh,M,CSE,59.3,CBSE,51.9,CBSE,5.1,2,0,4
S0650,Ishita Saxena,F,CIVIL,53.9,Matriculation,52.8,ICSE,5.2,2,0,4
S0651,Nisha Chatterjee,F,ECE,79.2,CBSE,83.6,State,7.88,0,0,3
S0652,Nikhil Sharma,M,MECH,95.1,ICSE,97.4,CBSE,9.84,0,0,4
S0653,Kabir Nair,M,AIDS,83.7,CBSE,78.6,ICSE,8.05,2,2,2
S0654,Rohit Gupta,M,CSE,63.3,Matriculation,66.1,State,7.01,1,1,3
S0655,Vihaan Roy,M,CSE,95.2,Matriculation,99.5,ICSE,9.43,0,0,2
S0656,Vivek Chatterjee,M,AIML,97.8,State,99.5,State,9.27,1,1,3
S0657,Ramesh Dubey,M,ECE,90.9,CBSE,91.2,State,7.64,1,1,2
S0658,Aadhya Mehta,F,IT,71.5,ICSE,63.0,CBSE,7.44,1,0,4
S0659,Shruti Mukherjee,F,CSE,85.8,ICSE,86.5,ICSE,7.95,0,0,4
S0660,Dhruv Sen,M,ECE,80.5,Matriculation,75.3,CBSE,7.78,0,0,4
S0661,Pradeep Deshmukh,M,AIML,80.7,Matriculation,66.8,ICSE,6.4,3,1,2
S0662,Vihaan Sen,M,ECE,79.1,State,82.9,ICSE,8.18,0,0,3
S0663,Jyoti Patil,F,CSE,60.0,CBSE,62.7,State,6.17,4,1,4
S0664,Manoj Shah,M,IT,83.5,Matriculation,73.0,State,7.6,0,0,4
S0665,Arnav Jain,M,EEE,72.2,ICSE,58.1,State,6.85,0,0,4
S0666,Reyansh Mehta,M,CSE,61.2,ICSE,60.6,State,6.1,4,0,3
S0667,Rahul Hegde,M,AIML,98.3,State,90.4,ICSE,8.83,0,0,4
S0668,Deepak Bhat,M,IT,75.1,ICSE,69.0,HSC,8.27,0,0,3
S0669,Lakshmi Reddy,F,ECE,65.3,CBSE,65.3,HSC,6.17,2,2,4
S0670,Gaurav Hegde,M,CSE,60.3,ICSE,69.2,State,7.06,0,0,2
S0671,Naveen Bhat,M,AIML,71.9,CBSE,66.2,State,6.95,1,0,4
S0672,Myra Reddy,F,ECE,78.0,ICSE,70.2,HSC,7.81,0,0,3
S0673,Neha Patil,F,CSE,47.0,CBSE,41.7,HSC,4.47,4,1,4
S0674,Aditya Chauhan,M,EEE,88.6,State,79.4,State,7.21,0,0,4
S0675,Nikhil Sharma,M,AIML,94.8,CBSE,94.5,ICSE,9.47,0,0,4
S0676,Manoj Agarwal,M,CSE,81.5,CBSE,86.4,CBSE,7.99,0,0,3
S0677,Aarav More,M,ECE,80.8,ICSE,75.2,CBSE,8.49,0,0,4
S0678,Morgan Verma,Non-binary,IT,88.4,State,92.7,State,9.98,0,0,4
S0679,Ishita Sen,F,AIDS,64.8,CBSE,73.7,HSC,6.32,1,0,4
S0680,Arjun Thakur,M,AIML,88.5,State,77.0,HSC,7.97,0,0,4
S0681,Lakshmi Mehta,F,MECH,69.2,State,63.3,CBSE,6.45,3,1,3
S0682,Yash Reddy,M,EEE,87.9,CBSE,94.9,ICSE,7.86,1,1,4
S0683,Akash Jadhav,M,CIVIL,89.3,ICSE,92.4,State,9.81,0,0,4
S0684,Manoj Bose,M,AIDS,82.0,State,95.1,CBSE,8.36,0,0,2
S0685,Myra Tiwari,F,AIDS,77.5,Matriculation,70.5,ICSE,7.72,0,0,3
S0686,Meera Bansal,F,ECE,79.4,ICSE,69.3,State,7.17,2,1,3
S0687,Pari Yadav,F,ECE,76.1,CBSE,88.0,ICSE,7.7,2,0,3
S0688,Dhruv Shah,M,CSE,77.8,CBSE,71.7,HSC,8.48,0,0,4
S0689,Avery Iyer,Non-binary,AIDS,80.8,Matriculation,85.0,HSC,8.37,0,0,2
S0690,Siya Roy,F,ECE,93.3,State,94.3,State,8.69,0,0,3
S0691,Rashmi Bhat,F,AIML,81.5,Matriculation,69.8,ICSE,8.53,0,0,4
S0692,Bhavana Agarwal,F,CSE,80.1,State,77.6,CBSE,8.17,0,0,2
S0693,Rohan Chauhan,M,IT,69.1,CBSE,59.9,ICSE,7.7,0,0,3
S0694,Anjali Bose,F,MECH,35.0,CBSE,39.4,CBSE,4.44,5,2,4
S0695,Ishaan Bhat,M,EEE,59.9,ICSE,68.1,HSC,6.0,0,0,4
S0696,Ramesh Mehta,M,CSE,76.2,CBSE,71.7,HSC,7.38,0,0,2
S0697,Dhruv Saxena,M,EEE,52.9,Matriculation,48.5,CBSE,6.13,0,0,4
S0698,Ankit Ghosh,M,MECH,86.1,CBSE,86.7,CBSE,9.54,0,0,3
S0699,Pallavi Chatterjee,F,ECE,69.3,ICSE,79.2,HSC,7.35,0,0,3
S0700,Tanvi Nair,F,CSE,73.4,Matriculation,63.5,CBSE,7.15,2,0,4
S0701,Sachin Hegde,M,AIML,74.2,Matriculation,75.9,State,8.75,1,1,2
S0702,Rohan Yadav,M,AIML,83.8,ICSE,73.2,ICSE,7.95,1,1,2
S0703,Tarun Bansal,M,CSE,71.0,Matriculation,68.9,CBSE,7.42,1,1,4
S0704,Reyansh Menon,M,AIDS,37.4,CBSE,49.7,State,5.5,2,2,2
S0705,Arjun Pandey,M,MECH,78.5,CBSE,81.5,CBSE,7.06,3,2,4
S0706,Rohit Iyer,M,IT,68.8,State,63.5,CBSE,7.52,3,1,4
S0707,Ananya Roy,F,AIDS,74.4,ICSE,77.3,ICSE,7.54,0,0,3
S0708,Sachin Das,M,ECE,60.9,State,62.9,State,6.16,0,0,4
S0709,Nikhil Shah,M,ECE,95.7,CBSE,91.8,State,8.05,0,0,3
S0710,Mohit Thakur,M,AIDS,86.5,ICSE,85.4,HSC,8.26,1,1,2
S0711,Kavya Chauhan,F,ECE,87.7,Matriculation,84.2,HSC,9.54,0,0,3
S0712,Rekha Roy,F,MECH,79.5,State,87.1,CBSE,9.18,0,0,3
S0713,Kavya Bhat,F,AIML,73.0,State,72.2,HSC,7.7,0,0,4
S0714,Sunita Patel,F,IT,61.8,CBSE,69.0,ICSE,7.21,2,0,3
S0715,Priya Thakur,F,AIDS,74.4,ICSE,76.3,HSC,8.09,1,1,3
S0716,Sachin Ghosh,M,ECE,57.7,CBSE,59.5,HSC,6.18,1,0,4
S0717,Shalini More,F,AIML,70.5,ICSE,62.2,State,7.53,0,0,4
S0718,Deepika Patel,F,IT,55.8,CBSE,61.1,HSC,5.75,3,0,4
S0719,Siddharth Joshi,M,CSE,88.1,State,79.7,State,8.53,0,0,3
S0720,Vihaan Dubey,M,MECH,70.0,Matriculation,75.0,CBSE,7.69,0,0,2
S0721,Manoj Chauhan,M,AIDS,64.8,State,60.8,CBSE,6.0,1,0,4
S0722,Reyansh Sharma,M,ECE,99.5,ICSE,94.1,CBSE,9.94,0,0,3
S0723,Dhruv Singh,M,CSE,80.9,ICSE,81.7,CBSE,6.82,0,0,2
S0724,Manoj Jadhav,M,AIDS,66.4,ICSE,67.6,CBSE,6.63,0,0,3
S0725,Kritika Mishra,F,CSE,66.9,CBSE,75.9,ICSE,7.03,0,0,3
S0726,Dhruv Deshmukh,M,IT,78.0,ICSE,78.2,CBSE,8.03,1,0,2
S0727,Varun Kulkarni,M,AIML,85.5,State,86.3,State,7.95,3,1,4
S0728,Deepika Bose,F,AIML,79.5,Matriculation,76.7,State,8.16,0,0,4
S0729,Ramesh Saxena,M,AIML,65.1,ICSE,63.6,ICSE,7.17,3,1,4
S0730,Pradeep Chauhan,M,CSE,82.0,State,91.6,CBSE,8.36,2,0,3
S0731,Harsh Jadhav,M,IT,79.5,ICSE,89.3,State,8.42,0,0,3
S0732,Swathi Saxena,F,EEE,99.4,State,98.3,ICSE,9.3,0,0,2
S0733,Swathi Chauhan,F,CSE,51.1,Matriculation,55.0,ICSE,6.44,3,1,3
S0734,Arin Roy,Non-binary,ECE,81.9,Matriculation,77.0,ICSE,8.27,0,0,2
S0735,Avery Das,Non-binary,EEE,86.3,ICSE,88.8,CBSE,8.68,0,0,3
S0736,Gaurav Bansal,M,MECH,74.3,ICSE,74.1,CBSE,7.77,1,0,4
S0737,Sachin Patel,M,AIDS,84.6,ICSE,85.3,HSC,8.08,0,0,2
S0738,Manoj Singh,M,CSE,85.2,Matriculation,91.5,ICSE,8.5,1,0,2
S0739,Shruti Verma,F,MBA,92.4,CBSE,92.1,HSC,8.04,0,0,3
S0740,Ananya Patel,F,AIDS,63.1,CBSE,54.9,ICSE,6.22,0,0,2
S0741,Sunita Jain,F,EEE,64.3,State,53.5,CBSE,6.08,0,0,4
S0742,Pavan Das,M,EEE,67.7,State,68.4,State,7.74,0,0,3
S0743,Anjali Shah,F,AIML,61.4,Matriculation,62.6,ICSE,6.48,0,0,2
S0744,Aman Patel,M,IT,81.8,State,72.3,ICSE,7.51,0,0,4
S0745,Ishita Roy,F,CSE,74.9,CBSE,82.0,CBSE,8.54,0,0,4
S0746,Harsh Roy,M,EEE,73.6,State,82.2,HSC,7.51,0,0,4
S0747,Manisha Tiwari,F,ECE,99.5,State,99.5,State,9.12,0,0,2
S0748,Sakshi Roy,F,CSE,79.5,CBSE,79.9,ICSE,7.13,1,0,4
S0749,Pari Tiwari,F,CSE,93.9,ICSE,86.2,ICSE,8.11,0,0,3
S0750,Gaurav Rao,M,MECH,88.8,ICSE,91.5,HSC,8.33,1,0,3
S0751,Sakshi Nair,F,IT,99.4,ICSE,88.3,HSC,9.56,0,0,4
S0752,Myra Bhat,F,AIDS,77.6,CBSE,81.3,CBSE,7.78,0,0,4
S0753,Vihaan Sen,M,AIML,67.7,ICSE,75.9,CBSE,7.64,0,0,4
S0754,Kritika Mehta,F,AIML,61.6,ICSE,63.6,CBSE,7.09,1,1,4
S0755,Ananya Das,F,BCA,67.0,CBSE,73.8,ICSE,6.11,4,1,2
S0756,Naveen Sen,M,EEE,78.0,State,77.1,CBSE,7.61,2,2,4
S0757,Reyansh Bansal,M,AIML,82.8,Matriculation,79.3,State,8.33,0,0,4
S0758,Varun Kulkarni,M,MECH,99.5,CBSE,99.0,ICSE,9.6,0,0,4
S0759,Dhruv Joshi,M,BCA,74.5,State,71.8,ICSE,8.18,1,1,3
S0760,Deepak Das,M,MECH,74.8,ICSE,67.8,ICSE,6.77,0,0,3
S0761,Lakshya Iyer,M,ECE,69.9,State,82.2,HSC,7.14,0,0,2
S0762,Vihaan Kumar,M,AIML,68.5,CBSE,58.7,HSC,6.76,2,2,3
S0763,Vivek Patel,M,AIML,93.5,State,84.8,CBSE,8.49,2,2,4
S0764,Akash Mukherjee,M,AIDS,66.5,CBSE,71.1,HSC,6.2,0,0,4
S0765,Kabir Ghosh,M,CIVIL,70.5,ICSE,80.4,ICSE,7.94,0,0,4
S0766,Dhruv Sharma,M,CSE,58.2,ICSE,57.5,ICSE,6.42,1,1,3
S0767,Lakshya Roy,M,MBA,77.8,Matriculation,77.7,CBSE,7.38,2,0,2
S0768,Varun Mukherjee,M,CSE,39.6,CBSE,48.4,State,5.2,5,2,4
S0769,Lavanya Thakur,F,IT,85.2,ICSE,80.0,CBSE,7.83,1,0,4
S0770,Diya Jadhav,F,AIDS,57.5,Matriculation,64.7,CBSE,6.71,0,0,4
S0771,Divya Pandey,F,IT,74.5,State,78.1,CBSE,7.9,3,0,3
S0772,Siya More,F,CSE,74.7,CBSE,69.2,ICSE,7.6,3,0,4
S0773,Siddharth Jain,M,CSE,85.3,ICSE,85.2,CBSE,9.02,0,0,4
S0774,Namita Saxena,F,AIML,94.8,CBSE,82.9,HSC,8.52,1,1,3
S0775,Varun Nair,M,CSE,84.3,State,92.4,State,8.54,0,0,4
S0776,Shruti Singh,F,CSE,95.3,State,94.5,HSC,9.6,1,1,3
S0777,Rohan Pandey,M,MECH,79.6,CBSE,59.8,State,7.78,1,1,4
S0778,Pallavi Jadhav,F,ECE,98.7,CBSE,83.8,State,8.04,1,1,3
S0779,Arin Chauhan,Non-binary,ECE,71.2,CBSE,62.5,ICSE,6.6,1,0,4
S0780,Diya Agarwal,F,AIML,70.8,ICSE,69.2,HSC,7.71,2,2,4
S0781,Yash Reddy,M,IT,65.6,State,78.7,ICSE,7.52,0,0,4
S0782,Vivek Das,M,CIVIL,72.4,State,69.2,CBSE,6.83,1,1,4
S0783,Mohit Reddy,M,CSE,68.2,CBSE,65.4,State,6.21,0,0,3
S0784,Rekha Kulkarni,F,CSE,72.5,CBSE,61.6,ICSE,6.98,2,1,4
S0785,Aarav Mehta,M,AIML,93.4,ICSE,85.9,State,8.11,2,0,4
S0786,Manoj Sharma,M,ECE,74.2,Matriculation,80.8,HSC,7.56,1,0,4
S0787,Lakshya Singh,M,AIML,64.2,Matriculation,56.7,State,6.26,1,1,4
S0788,Arjun Mukherjee,M,CSE,58.6,CBSE,65.1,State,5.76,4,0,4
S0789,Namita Pillai,F,MECH,94.5,CBSE,91.7,ICSE,8.85,0,0,2
S0790,Sachin Bhat,M,EEE,76.0,Matriculation,71.9,HSC,8.06,0,0,4
S0791,Pranav Kulkarni,M,AIDS,62.5,Matriculation,68.1,ICSE,6.91,1,0,2
S0792,Pavan Yadav,M,AIML,72.7,ICSE,75.3,ICSE,7.08,0,0,4
S0793,Vikram Reddy,M,AIDS,77.6,ICSE,80.8,CBSE,8.41,2,1,3
S0794,Vikram Ghosh,M,AIDS,55.8,CBSE,51.1,CBSE,6.07,2,0,3
S0795,Ajay Rao,M,AIML,80.4,State,71.4,CBSE,7.55,0,0,4
S0796,Ankit Iyer,M,CSE,76.0,CBSE,82.3,HSC,7.49,1,1,4
S0797,Sneha Deshmukh,F,AIDS,59.6,State,56.9,CBSE,6.98,0,0,4
S0798,Pooja Roy,F,EEE,72.4,State,86.0,CBSE,8.48,0,0,4
S0799,Rowan Jain,Non-binary,AIDS,95.5,ICSE,89.6,HSC,8.72,0,0,3
S0800,Ravi Yadav,M,EEE,61.2,State,60.7,State,6.47,2,1,4
TF232,Shubh Gupta,Prefer not to say,ADVANCED,0.0,NA,0.0,NA,9.69,0,0,4
TF197,Prakarsh Singh,Prefer not to say,ADVANCED,0.0,NA,0.0,NA,9.42,0,0,4
TF201,Devyanshi Saini,Prefer not to say,INTERMEDIATE,0.0,NA,0.0,NA,9.47,0,0,4
TF216,Purvi Wasan,Prefer not to say,INTERMEDIATE,0.0,NA,0.0,NA,9.21,0,0,4
TF214,Darshan Raj,Prefer not to say,ROOKIE,0.0,NA,0.0,NA,8.54,0,0,4
TF194,Syed Nousin,Prefer not to say,INTERMEDIATE,0.0,NA,0.0,NA,9.15,0,0,4
TF209,Arjun Deshpande,Prefer not to say,ADVANCED,0.0,NA,0.0,NA,7.81,0,0,4
TF154,Ishaan Choudhary,Prefer not to say,ADVANCED,0.0,NA,0.0,NA,8.3,0,0,4
TF82,Ansh Kirdak,Prefer not to say,INTERMEDIATE,0.0,NA,0.0,NA,9.37,0,0,4
TF125,Ayush Kirdak,Prefer not to say,INTERMEDIATE,0.0,NA,0.0,NA,7.6,0,0,4
TF253,Varun Patney,Prefer not to say,ADVANCED,0.0,NA,0.0,NA,8.71,0,0,4
TF438,Chaitanya Muley,Prefer not to say,ROOKIE,0.0,NA,0.0,NA,7.38,0,0,4
TF23,Diya Runwal,Prefer not to say,INTERMEDIATE,0.0,NA,0.0,NA,9.2,0,0,4
TF305,Sakshi Negi,Prefer not to say,ROOKIE,0.0,NA,0.0,NA,9.58,0,0,4
TF299,Bhoomika Gupta,Prefer not to say,ADVANCED,0.0,NA,0.0,NA,8.19,0,0,4
TF198,Prisha Sharma,Prefer not to say,INTERMEDIATE,0.0,NA,0.0,NA,6.8,0,0,4
TF100,Devanshu Thakur,Prefer not to say,INTERMEDIATE,0.0,NA,0.0,NA,8.95,0,0,4
TF261,Aditya Chunarkar,Prefer not to say,ADVANCED,0.0,NA,0.0,NA,8.31,0,0,4
